{
  "agent": "TaskAgent",
  "cycle": 1,
  "max_cycles": 3,
  "agent_doc_mtimes": {
    "project": 1780125804.6207402,
    "module": 1780125804.6217556
  },
  "last_run_at": "2026-05-30T07:24:51.117816+00:00"
}
