{
  "agent": "TaskAgent",
  "cycle": 2,
  "max_cycles": 3,
  "agent_doc_mtimes": {
    "project": 1780109020.5543098,
    "module": 1780107195.240295
  },
  "last_run_at": "2026-05-30T03:41:46.234414+00:00"
}
