{
  "agent": "AdaptAgent",
  "cycle": 3,
  "max_cycles": 3,
  "agent_doc_mtimes": {
    "project": 1780109020.5543098,
    "module": 1780109020.5559068
  },
  "last_run_at": "2026-05-30T03:41:48.199261+00:00"
}
