{
  "agent": "MediaAgent",
  "cycle": 1,
  "max_cycles": 3,
  "agent_doc_mtimes": {
    "project": 1780114939.6318712,
    "module": 1780114939.63957
  },
  "last_run_at": "2026-05-30T04:30:19.642939+00:00"
}
