{
  "agent": "ConfigAgent",
  "cycle": 3,
  "max_cycles": 3,
  "agent_doc_mtimes": {
    "project": 1780109020.5543098,
    "module": 1780062188.2943985
  },
  "last_run_at": "2026-05-30T03:41:47.485261+00:00"
}
