{
  "agent": "PluginAgent",
  "cycle": 3,
  "max_cycles": 3,
  "agent_doc_mtimes": {
    "project": 1780062188.286168,
    "module": 1780062188.3058355
  },
  "last_run_at": "2026-05-30T02:12:19.245609+00:00"
}
